Postcode,Median_Income
2600,67419.71429
2601,44183.71429
2602,55828.42857
2603,70100.14286
2604,67698
2605,61086.71429
2606,55091.71429
2607,54962.42857
2609,46984.28571
2611,57904.57143
2612,58423.28571
2614,52947.85714
2615,52382.42857
2617,50330.57143
2900,55629.14286
2902,52072.57143
2903,52471.71429
2904,55727.57143
2905,53577.71429
2906,55122
2911,65279
2912,49867.14286
2913,55437.85714
2914,58506.28571
1235,20631
2000,23154
2001,44659.66667
2007,30207.57143
2008,39369
2009,49749.14286
2010,53961.85714
2011,56957.71429
2015,61253.85714
2016,53066.42857
2017,51546.42857
2018,44000
2019,52067.71429
2020,45402.71429
2021,64045.85714
2022,50420.71429
2023,65802
2024,59380.28571
2025,64624
2026,53401.85714
2027,70244.42857
2028,64165.14286
2029,57921.28571
2030,62177.42857
2031,57033.85714
2032,40904.42857
2033,46082.85714
2034,58390.14286
2035,48259.28571
2036,46322
2037,50168.28571
2038,60980.42857
2039,67768.85714
2040,60423.42857
2041,68380.42857
2042,53057.85714
2043,65923.28571
2044,51530.42857
2045,51114.14286
2046,54546.71429
2047,60538.28571
2048,54747.14286
2049,52987.71429
2050,59630.71429
2057,54544
2059,72835
2060,62914.14286
2061,69181.14286
2062,66653.85714
2063,64424.71429
2064,54043.28571
2065,64537
2066,59127.57143
2067,43028.14286
2068,58383.57143
2069,54439
2070,54168.42857
2071,51407.42857
2072,47692.42857
2073,54751.14286
2074,51412.57143
2075,49444.71429
2076,50907.14286
2077,45863.42857
2079,48290.42857
2080,44011.14286
2081,47815.28571
2082,47576
2083,42883
2084,49410.57143
2085,44835.85714
2086,48029.71429
2087,47380.85714
2088,65173.28571
2089,63157.42857
2090,64762.85714
2092,57070.14286
2093,53363
2094,60023.42857
2095,57703.28571
2096,56090
2097,48549.85714
2099,45752
2100,46775.28571
2101,47181.85714
2102,49114.57143
2103,46211.57143
2104,45591.57143
2105,48281.42857
2106,47490.71429
2107,45155.57143
2108,49106.57143
2110,62372.71429
2111,54068.28571
2112,46010
2113,47962
2114,45803
2115,44187.14286
2116,43563.57143
2117,41472.28571
2118,39875.14286
2119,51145.57143
2120,47825.42857
2121,43241.57143
2122,39274
2124,34544.66667
2125,48889.14286
2126,45930.28571
2127,51494.14286
2128,41052.28571
2130,52995.85714
2131,40557.28571
2132,44892.57143
2133,44059
2134,32615.85714
2135,38585.28571
2136,42541.14286
2137,49474.14286
2138,44981.71429
2140,39535.28571
2141,34538.85714
2142,35848.71429
2143,37349.14286
2144,29423.57143
2145,44826.42857
2146,44539.42857
2147,44917.42857
2148,42197.28571
2150,42438.42857
2151,45562.57143
2152,47940
2153,47987.14286
2154,46750
2155,52091.42857
2156,46823.85714
2157,41362.14286
2158,46727.71429
2159,42894.14286
2160,37107.14286
2161,35935
2162,37121.57143
2163,35311
2164,40594.85714
2165,36550.71429
2166,35593.85714
2167,45144
2168,39943.57143
2170,42087.57143
2171,45986.71429
2172,55270.42857
2173,51533.85714
2174,50626.42857
2175,43672.14286
2176,41105.57143
2177,40141.28571
2178,42719.71429
2179,43146.28571
2190,34865.42857
2191,40712.57143
2192,37713.14286
2193,44171.42857
2194,33385
2195,30490.71429
2196,35702.85714
2197,37733.28571
2198,39630.85714
2199,36755
2200,35591
2203,51601.14286
2204,48350.57143
2205,41134.14286
2206,46175
2207,42617.14286
2208,41837.85714
2209,39243.14286
2210,40980.85714
2211,43519.85714
2212,43761.57143
2213,46187.42857
2214,45786.57143
2216,40137.28571
2217,42869.42857
2218,40035.28571
2219,46773.71429
2220,34570.14286
2221,45135.42857
2222,41263.57143
2223,47823.28571
2224,44466.42857
2225,51789.14286
2226,51098.14286
2227,49348
2228,46350.85714
2229,48700.57143
2230,51413.71429
2231,46336
2232,48805
2233,48178.71429
2234,49024.71429
2250,41343.57143
2251,40332.71429
2256,38797
2257,37623.28571
2258,43703.71429
2259,40061.57143
2260,42566.28571
2261,39787.85714
2262,38658.42857
2263,37566.14286
2264,37547.14286
2265,39125.57143
2267,37924.28571
2278,43278
2280,41895.85714
2281,39468.57143
2282,43703.42857
2283,39511.14286
2284,41260.57143
2285,44279.28571
2286,42364.42857
2287,42911.71429
2289,44968.85714
2290,43130.14286
2291,49854.14286
2292,45518.42857
2293,45851
2294,44544
2295,44067.42857
2296,44494
2297,42562.57143
2298,41903
2299,40846.14286
2300,49064.14286
2302,47716.57143
2303,43971.28571
2304,42475
2305,47548.42857
2306,34127.14286
2307,38467.85714
2311,31295
2312,31112.85714
2315,34785.57143
2316,35944
2317,34264.28571
2318,43325.85714
2319,36532.28571
2320,43892.85714
2321,44634.28571
2322,43842.85714
2323,43406.42857
2324,38010.14286
2325,39019.57143
2326,39965.14286
2327,39204.42857
2328,41764.85714
2329,35178.71429
2330,46924.57143
2333,46464.28571
2334,44315.42857
2335,46197
2336,44095.42857
2337,40798.85714
2338,33344.85714
2339,30416.28571
2340,40272.71429
2341,33849
2342,33234.28571
2343,35840.85714
2344,36251
2345,37136.28571
2346,33658
2347,29948.71429
2350,38044.14286
2352,38528.57143
2353,37280.14286
2354,31994.14286
2355,29676
2357,33538.28571
2358,33472.14286
2359,27518.57143
2360,36070.42857
2361,24403.71429
2365,31678.14286
2369,32920.14286
2370,31081
2371,26163.42857
2372,28050.57143
2379,27987
2380,40540.42857
2381,37525.42857
2382,35548.42857
2386,28803.14286
2388,36976.42857
2390,40864
2395,26529
2396,31279.85714
2397,35922.14286
2399,40589.14286
2400,42252.85714
2402,33004.28571
2403,27445.14286
2404,29791
2405,36235.85714
2406,38788.28571
2408,43627.42857
2409,32399.85714
2415,35790
2420,33163.42857
2421,40339.42857
2422,29812
2423,30586
2424,23417.4
2425,35842.42857
2426,32947.85714
2427,29753.14286
2428,31993.28571
2429,32709.85714
2430,34428.42857
2431,31261.28571
2439,33123.28571
2440,33619.85714
2441,31605.42857
2443,30391.57143
2444,36344.57143
2445,34933.85714
2446,34475.14286
2447,31714.71429
2448,31793.28571
2449,27452
2450,36178.42857
2452,36288.42857
2453,27335.57143
2454,31695.42857
2455,33853.85714
2456,32726.57143
2460,35054
2462,30039
2463,32449
2464,30998.42857
2465,34464.66667
2466,27845.71429
2469,26589.85714
2470,35690.85714
2471,32484.71429
2472,33498.42857
2473,35128.42857
2474,29785.85714
2476,27440.85714
2477,35501.42857
2478,35882.85714
2479,33284
2480,35274.71429
2481,31052.57143
2482,28358.14286
2483,31446.14286
2484,32838.85714
2485,34584
2486,35848.28571
2487,38280.14286
2488,35880.14286
2489,35464.42857
2490,35833.14286
2500,40500.28571
2502,36990.14286
2505,40701
2506,39320.42857
2508,48148.14286
2515,48508.42857
2516,49155.71429
2517,45468.71429
2518,41996.42857
2519,41380.57143
2520,42151.5
2525,43985.71429
2526,43494.28571
2527,42724
2528,38817.42857
2529,43001.57143
2530,41702.85714
2533,40167.42857
2534,39713.57143
2535,36220.85714
2536,33497.71429
2537,34079.71429
2538,32855.42857
2539,31307
2540,35618.28571
2541,37820
2545,31921.71429
2546,29748
2548,34551.57143
2549,35031.28571
2550,35354.57143
2551,34573.42857
2556,41923.14286
2557,47156.57143
2558,45101.71429
2559,35134.42857
2560,43695.85714
2564,40768.57143
2565,44484.28571
2566,43296.28571
2567,49759.57143
2568,42209.85714
2569,45568.42857
2570,48547.85714
2571,47616.85714
2572,44285.71429
2573,43192.57143
2574,43165.14286
2575,39869.14286
2576,38488.14286
2577,38222.28571
2578,33686.57143
2579,37132.14286
2580,40980.42857
2581,43790
2582,47472.28571
2583,34657.85714
2584,36571.57143
2586,35243
2587,36606.85714
2588,39663.71429
2590,37104.14286
2594,36324.57143
2618,50930
2619,66010.14286
2620,52490.85714
2621,56561.14286
2622,36058.42857
2623,49299.57143
2625,33360.75
2626,46930.28571
2627,38419.57143
2628,36010.28571
2629,30843.8
2630,39202.85714
2631,34527.42857
2632,40258
2633,32273.28571
2640,41932.42857
2641,38258.57143
2642,38717
2643,36974.14286
2644,35744.28571
2645,36432.71429
2646,36818.42857
2647,35658.85714
2648,32330.14286
2650,42997.28571
2651,44428.71429
2652,38732.28571
2653,38521.85714
2655,38917.57143
2656,37865.57143
2658,33367.28571
2659,33825.28571
2660,36501.71429
2663,39512.28571
2665,31490.85714
2666,35105.28571
2668,30126
2669,33316.85714
2671,36584.42857
2672,35253
2675,37996.28571
2680,40310.71429
2681,39978
2700,37087
2701,39971.57143
2702,36502.42857
2703,39440.85714
2705,39909.57143
2706,41453.42857
2707,36702.71429
2710,36106.42857
2711,36682.42857
2712,34049.28571
2713,33521.57143
2714,32656.71429
2715,37408.57143
2716,36077.57143
2717,33420.14286
2720,41467.71429
2722,36113.71429
2727,33885.85714
2729,37446
2730,35588.85714
2731,37475.85714
2732,31342
2733,36079.42857
2736,28904.25
2737,36630.71429
2738,40804.71429
2739,37137
2745,50992.85714
2747,45976.85714
2748,46129.57143
2749,47814.14286
2750,46307.57143
2751,46868
2752,47826.85714
2753,43453.71429
2754,43379.71429
2756,45527.71429
2757,41268.71429
2758,45271.14286
2759,46977.28571
2760,44166.57143
2761,46000.57143
2762,49119
2763,48145.28571
2765,45742.85714
2766,44570.71429
2767,44801.14286
2768,50458.28571
2769,60596
2770,40357.85714
2773,49646.28571
2774,47690.85714
2775,38089.28571
2776,47281.85714
2777,45545.71429
2778,44315.85714
2779,43064.71429
2780,35377.14286
2782,39312.28571
2783,40537.71429
2784,41516.85714
2785,36193.42857
2786,35970.28571
2787,40892.71429
2790,40523.14286
2792,36595.33333
2793,31979
2794,35421
2795,42361.28571
2797,34377.28571
2798,42677.28571
2799,39761.71429
2800,43036.14286
2804,34336.85714
2805,34159.85714
2806,36443.28571
2810,34489
2818,43847
2820,35157.42857
2821,37110.71429
2823,36790.42857
2824,38879
2825,40475
2827,34808.85714
2828,30698
2829,36702.57143
2830,42315.14286
2831,33750.71429
2832,34399.85714
2833,34180.71429
2834,29623.71429
2835,50008.28571
2836,36949.85714
2839,38624.28571
2840,41250
2842,27434.71429
2843,30233.71429
2844,34053.14286
2845,42704.57143
2847,39357.14286
2848,31125.57143
2849,31905.85714
2850,38631.85714
2852,35031.42857
2864,38306.28571
2865,38860.28571
2866,37677.28571
2867,33312.71429
2868,31347
2869,30859.57143
2870,38893
2871,37326.71429
2873,31695.42857
2874,32665.28571
2875,31174.28571
2876,26567
2877,35094.28571
2879,41341.71429
2880,41410.57143
2898,39023.42857
2899,30924
800,48377
801,60398.42857
804,54403
810,51470.14286
811,61107
812,52515.85714
814,50859.25
820,57962.42857
821,57243.28571
822,31903.71429
828,53515.42857
829,61947
830,55426.85714
831,60079.85714
832,59623.28571
834,58539.4
835,56489.71429
836,54540.71429
837,46775.28571
838,56448.2
839,60618
841,57542.8
845,43237.28571
846,43456
850,48861
851,50470.85714
852,29564.57143
853,64931.42857
854,33708.85714
860,49536.57143
861,43137.42857
862,34651
870,49765
871,51372.85714
872,30578.85714
873,54574
875,49339.66667
880,45542
881,52933.14286
885,69358.14286
886,51994.85714
4000,35045.85714
4001,40672
4005,56469.14286
4006,47389.57143
4007,53920.28571
4008,48112
4010,49050.71429
4011,51613.14286
4012,50403.57143
4013,48554.85714
4014,48179
4017,45313
4018,44341.14286
4019,41261.14286
4020,40717.28571
4021,38967.14286
4022,38877.14286
4030,49503.71429
4031,51381
4032,42957.85714
4034,44029.85714
4035,48225.28571
4036,44484
4037,50689.14286
4051,52393
4053,48166.71429
4054,45190.71429
4055,48968.85714
4059,45484.71429
4060,53792.14286
4061,48904.71429
4064,52211.28571
4065,56798.85714
4066,46812
4067,36314.14286
4068,45331
4069,50025
4070,48694.57143
4073,50912.28571
4074,45885
4075,49171.28571
4076,39440
4077,36782.85714
4078,45024.85714
4101,44376.42857
4102,40380.42857
4103,43790.85714
4104,48734.14286
4105,47080.42857
4106,41559.42857
4107,43835.57143
4108,36373.14286
4109,32233.71429
4110,40949
4111,36942.42857
4112,39448.42857
4113,35387
4114,35878.42857
4115,43155.28571
4116,38987
4117,46421.6
4118,42768.57143
4119,41543.28571
4120,47206.14286
4121,50831
4122,42463.28571
4123,44506
4124,44031.28571
4125,40533.71429
4127,42098
4128,45260.85714
4129,43699.71429
4130,44772.14286
4131,39110
4132,39749.14286
4133,40893.14286
4151,50158.71429
4152,49116.42857
4153,48176
4154,55166.42857
4155,50616.14286
4156,49360
4157,44029
4158,45379.14286
4159,44488
4160,45368.28571
4161,43648.14286
4163,42478
4164,45551.14286
4165,44408.14286
4169,46846.85714
4170,52008.57143
4171,59034.71429
4172,49809.85714
4173,47262.85714
4174,47025.71429
4178,45471.71429
4179,47665.57143
4183,34522.71429
4184,28443.28571
4205,39980.42857
4207,40796
4208,45003
4209,41478.42857
4210,42799.42857
4211,39663.42857
4212,41268.28571
4213,39493
4214,38445
4215,35647.28571
4216,38474.14286
4217,35319.57143
4218,39364
4219,34193
4220,39776.42857
4221,38909.42857
4223,38586.85714
4224,39857.57143
4225,35656.71429
4226,38461.57143
4227,39286.57143
4228,38353.57143
4230,35415.8
4270,42925.71429
4271,36396
4272,34246.14286
4275,39083.42857
4280,43831.42857
4285,39514.57143
4287,31784.42857
4300,45452.57143
4301,41570.57143
4303,38052.71429
4304,40975.14286
4305,42664.14286
4306,45838.71429
4307,38293.57143
4309,35291.71429
4310,34296.14286
4311,37848.85714
4312,33841.14286
4313,31645
4314,30140
4340,37697.85714
4341,39136.14286
4342,36442.71429
4343,32299.14286
4344,38062.42857
4346,42578.42857
4347,35564.57143
4350,41322.42857
4352,42516.42857
4353,30528.8
4354,37436.28571
4355,30204.14286
4356,35840.28571
4357,34413.57143
4358,38970.28571
4359,37254.14286
4360,30377.71429
4361,29703.14286
4362,31087.57143
4363,35853.85714
4364,46641.33333
4365,31050.4
4370,35170.28571
4371,28491.28571
4373,31054.57143
4374,31291.8
4377,27836
4378,31745.66667
4380,29817.71429
4381,29328.71429
4382,28210.14286
4383,29510.28571
4385,30607
4387,31848.57143
4388,26161.71429
4390,39435.14286
4400,42340
4401,40382.14286
4403,36006.71429
4404,35986.71429
4405,41110.57143
4406,28883.85714
4407,34078
4408,28739.14286
4410,30506.14286
4413,40115.85714
4415,37289
4416,36722.71429
4417,38386.57143
4419,32347.14286
4420,35072.85714
4421,33062.71429
4422,30209.85714
4427,22971
4428,31678.85714
4454,32641.42857
4455,44393.42857
4465,30915.42857
4468,24290.85714
4470,40964.85714
4472,35020.28571
4477,33351.71429
4478,34975
4480,38099.57143
4486,33785.71429
4487,37765.57143
4490,34625.57143
4496,41753
4497,31737
4500,44759.85714
4501,41923.71429
4502,44151
4503,43543.57143
4504,45390
4505,41740.42857
4506,38703.14286
4507,33209.71429
4508,38681
4509,46756.71429
4510,36599.14286
4511,36748.14286
4512,38893.14286
4514,38142.57143
4515,38554.71429
4516,40198.28571
4517,40463.85714
4518,37706.14286
4519,36520.57143
4520,48318.42857
4521,44152.28571
4550,36708.71429
4551,37156.14286
4552,29956.85714
4553,38574.28571
4554,36323.42857
4555,37898.28571
4556,37929.85714
4557,38556.28571
4558,36304.85714
4559,37561.42857
4560,36557.14286
4561,37091.85714
4562,34513.57143
4563,34491.42857
4564,37333.57143
4565,33715.57143
4566,34467.85714
4567,35546.85714
4568,34203.85714
4569,32659.14286
4570,33815.85714
4571,28368
4572,39986.71429
4573,37940.42857
4574,31314.42857
4575,39341.28571
4580,26482
4581,29420.57143
4600,28582.71429
4601,23993.57143
4605,31452.42857
4606,34163
4608,32711.71429
4610,36582.28571
4613,24403.42857
4614,31024.14286
4615,32031.85714
4620,29828
4621,26630.42857
4625,30513
4626,29315.42857
4627,29584.71429
4630,29352.28571
4650,35876.42857
4655,34423.28571
4659,30593.28571
4660,29859
4662,32216.42857
4670,36023.57143
4671,27407.28571
4673,30557.71429
4674,27436.71429
4677,32197.71429
4678,38345.71429
4680,53253.14286
4695,47367.85714
4699,37582.85714
4700,44252.71429
4701,44649.14286
4702,42128.42857
4703,42973.14286
4705,33898.85714
4709,76629.14286
4710,39633.28571
4711,49619.42857
4712,44307.6
4713,34776.85714
4714,37585.28571
4715,45983.42857
4716,38667.28571
4717,67261
4718,46962.28571
4719,37586.85714
4720,49787.14286
4721,46723
4722,41858.57143
4723,42973.57143
4724,39282
4725,41146.28571
4726,31005.42857
4730,41259.71429
4735,37671.71429
4737,44986.85714
4738,39697.85714
4740,48198.85714
4741,43199.14286
4742,48547.28571
4743,69616.85714
4744,72449.71429
4745,68341.71429
4746,74219.57143
4750,49515.14286
4751,49630.57143
4753,52101.28571
4754,45665.42857
4756,34645.28571
4798,37697.14286
4799,34436.42857
4800,40057.57143
4801,31824
4802,39352.42857
4803,40254.71429
4804,43930.28571
4805,35739.85714
4806,40095.57143
4807,39909.71429
4808,41278.42857
4809,39269.57143
4810,48163.85714
4811,48034.14286
4812,44221.14286
4813,56928.42857
4814,45316.42857
4815,42376.85714
4816,39778.14286
4817,46656
4818,48853.28571
4819,32550.42857
4820,40595.57143
4821,37118.85714
4822,37620.85714
4823,39627.28571
4824,53012
4825,58587.14286
4829,44924.14286
4830,32196.85714
4849,31201.71429
4850,38143.42857
4852,33403
4854,34282.85714
4855,33278.28571
4856,33969
4858,38248.71429
4859,37127.71429
4860,35083.85714
4861,36540.14286
4865,42310.14286
4868,42245.85714
4869,42882.71429
4870,40483.57143
4871,32526.28571
4872,30375.42857
4873,35905.57143
4874,65518.42857
4875,40134.85714
4876,35886.71429
4877,34970.57143
4878,41530.85714
4879,42300.14286
4880,35425.14286
4881,34125.42857
4882,35409.42857
4883,34723
4884,33604.28571
4885,32959.28571
4886,26811.28571
4887,32207
4888,29942.57143
4890,41656.42857
4891,38791.85714
4892,32230.66667
4895,35618.57143
9726,22505.66667
5000,40916
5001,39139
5006,51021.85714
5007,44669.85714
5008,40459.57143
5009,41072.28571
5010,37775.71429
5011,43137.14286
5012,35313.71429
5013,39739.14286
5014,42175.42857
5015,44199
5016,45719
5017,41139.14286
5018,44936.57143
5019,44667.71429
5020,43698.57143
5021,42708.14286
5022,46487.42857
5023,39784.28571
5024,42308.14286
5025,41923.85714
5031,42686.71429
5032,42018.85714
5033,40812.57143
5034,48002
5035,42266.14286
5037,40781.71429
5038,40713.28571
5039,41611
5040,40703.57143
5041,45678.85714
5042,37095.85714
5043,39482.85714
5044,46405.14286
5045,45061.14286
5046,41019.57143
5047,39418.14286
5048,42999.85714
5049,43020.57143
5050,41671.71429
5051,46094.28571
5052,46015.57143
5061,52538
5062,47730.57143
5063,47783.57143
5064,47560.28571
5065,47296.14286
5066,49855.14286
5067,48089.42857
5068,45922
5069,49409.71429
5070,41623.71429
5072,44062.57143
5073,40895.57143
5074,39028.28571
5075,40425.42857
5076,42271.57143
5081,50749.57143
5082,45911.71429
5083,44886.71429
5084,35055
5085,42047.85714
5086,41463.28571
5087,40257.71429
5088,39821.42857
5089,44327
5090,39518.85714
5091,42784.28571
5092,41099
5093,39823.42857
5094,37449.14286
5095,43303
5096,40147.42857
5097,42455.85714
5098,40388.57143
5107,38691.57143
5108,39214.42857
5109,40652.28571
5110,40759
5111,62323.8
5112,37749.42857
5113,34683.85714
5114,41603.57143
5115,40641
5116,41167.14286
5117,44240.14286
5118,42696.71429
5120,38011.28571
5121,37254.42857
5125,46512.71429
5126,43661.14286
5127,44592.14286
5131,40958.28571
5132,46139.57143
5133,43001.57143
5134,39712.85714
5136,43438.28571
5137,44049
5140,51896.85714
5141,42316.85714
5142,41921.57143
5144,42948.28571
5151,47319.85714
5152,48949.28571
5153,41698.42857
5154,47503.14286
5155,44718.57143
5156,45979.57143
5157,40273.28571
5158,43302
5159,42737.85714
5161,40844.57143
5162,39748.85714
5163,37660.57143
5164,35295.85714
5165,36613.57143
5166,38086.71429
5167,40441.71429
5168,38687.57143
5169,40433.71429
5170,37722
5171,38793.57143
5172,38144.28571
5173,37317.42857
5174,37508.85714
5201,38986.14286
5202,36545.85714
5203,32824.28571
5204,30829
5210,37314.14286
5211,31225.42857
5212,29823
5213,34411.42857
5214,30235.71429
5220,31759.28571
5222,30999
5223,32951.28571
5231,42340.71429
5232,39620.85714
5233,40471
5234,40355
5235,36153.57143
5237,36877.66667
5238,31781.14286
5240,37087.57143
5241,41039
5242,43327.71429
5243,43266.57143
5244,40427.71429
5245,40458.14286
5250,44010.28571
5251,41322.57143
5252,41327
5253,35416.71429
5254,35179.28571
5255,37366.42857
5256,32147.42857
5259,31537.85714
5260,34112.57143
5261,36382.42857
5262,38367
5264,34462.14286
5265,33131.85714
5266,35309.28571
5267,37609.42857
5268,36896.85714
5270,35944.85714
5271,37592.28571
5272,37736
5275,37155.57143
5276,33547.14286
5277,39278.28571
5278,37880
5279,38379.75
5280,37528.42857
5290,40280.42857
5291,41381.71429
5301,28847.57143
5302,35980.57143
5304,34259
5307,29379.42857
5320,35367.71429
5322,33406.28571
5330,35408.71429
5332,34718.71429
5333,36974
5340,35654.42857
5341,35128.28571
5342,37155.28571
5343,37426.42857
5344,34847.85714
5345,36623.71429
5350,44599.8
5351,42327.14286
5352,42208.71429
5353,38310
5355,41914.85714
5356,37836
5357,32941.66667
5360,42728.57143
5371,41445.71429
5372,42989.85714
5373,38603
5374,32220.85714
5381,23000.5
5400,41210.85714
5401,40133.42857
5412,36146.42857
5413,31008
5417,34972.85714
5422,33496.71429
5431,33622.57143
5433,39654.71429
5434,37499.57143
5451,36321.57143
5452,35753.28571
5453,38953
5454,33351.42857
5460,35548.14286
5461,37972.14286
5462,37840.57143
5464,37972.57143
5473,35413.42857
5480,34998.85714
5481,28972.71429
5482,32421.57143
5483,37464
5485,38926.71429
5491,39975
5495,39842.8
5501,41904
5502,40052.57143
5520,36449.85714
5522,34656.28571
5523,40480
5540,38281.85714
5550,37593.14286
5554,38928.71429
5555,38729.42857
5556,33860.42857
5558,33856.28571
5560,41388.14286
5570,35425
5571,34592.85714
5573,37349.57143
5575,32224.28571
5576,33294
5577,28880.71429
5580,35840.2
5581,31289.71429
5582,34003.85714
5583,28921
5600,49733.42857
5602,36027.85714
5603,37561.57143
5605,34989.14286
5606,39620.71429
5607,36998.28571
5608,42300.71429
5609,54638.57143
5631,41642.71429
5633,35688.2
5640,39427.85714
5641,37923.14286
5652,39249.14286
5670,35780.14286
5680,35015.14286
5690,40348.85714
5700,42322.71429
5710,46366.28571
5722,34799.5
5723,37254.85714
5725,79019.14286
5731,54147.33333
7000,42914.57143
7001,17935.66667
7004,42150.28571
7005,39647
7007,44867.14286
7008,43609.57143
7009,38186.42857
7010,38044.85714
7011,39850.42857
7012,43261.28571
7015,42552.57143
7016,36591.85714
7017,44359.85714
7018,42207.42857
7019,37751.71429
7020,44757.85714
7021,43165.28571
7022,40530.42857
7023,40824.75
7024,45432.42857
7025,40409
7026,36978
7030,38513.42857
7050,40756.42857
7051,43325.33333
7052,42791.42857
7053,45001.28571
7054,42917.14286
7055,43324.85714
7109,36123.42857
7112,31398
7113,34258
7116,33391.57143
7117,34473.14286
7120,32691
7140,37168.71429
7150,36830.85714
7155,35768.57143
7162,33447.71429
7163,39368
7170,46112.71429
7171,42003.28571
7172,38902.71429
7173,38644
7177,33935.71429
7179,30915.42857
7184,29764
7190,31659.28571
7209,32935.42857
7210,34207.57143
7212,38201.28571
7214,30599.42857
7215,30530.85714
7216,27691.85714
7248,33927
7249,39744.71429
7250,40892.85714
7252,40717.57143
7253,36291.28571
7254,36009.71429
7255,33935.28571
7256,39516.85714
7258,45336.42857
7259,36618.71429
7260,34950.28571
7262,35776.14286
7263,28947.57143
7264,28214.85714
7267,38260.57143
7268,39106.14286
7270,33732
7275,35746.42857
7276,35465.42857
7277,40113.57143
7290,41076.57143
7291,41631.42857
7292,37127.57143
7300,41194
7301,37836.14286
7302,36596.14286
7303,35556.57143
7304,32222.85714
7305,34930.57143
7306,33168.57143
7307,38419
7310,36755.71429
7315,37247.71429
7316,38967.28571
7320,38932.14286
7321,37138.28571
7322,39435.57143
7325,37480
7330,38635.71429
7331,39174.28571
7467,38898.85714
7468,41162.85714
7469,42750.42857
7470,50393.42857
3000,29022.85714
3001,33656.33333
3002,61011.14286
3003,42899.28571
3004,52881.85714
3006,47508.28571
3008,49027.57143
3011,41923.42857
3012,44137
3013,54346.42857
3015,54528
3016,53151
3018,47562.42857
3019,34920.14286
3020,36393
3021,35357.14286
3022,39437.85714
3023,42902
3024,44041
3025,43913.42857
3026,50670
3027,49221.4
3028,42973.14286
3029,41902.71429
3030,44921.57143
3031,50187.71429
3032,46964
3033,44153.71429
3034,42604.85714
3036,45417.42857
3037,43277.57143
3038,42607.42857
3039,51171.42857
3040,49550.28571
3041,48394.57143
3042,46005.71429
3043,43108.57143
3044,46556.71429
3046,40080
3047,32116.85714
3048,33003.28571
3049,43488.71429
3051,40500.85714
3052,39780.42857
3053,34887.85714
3054,48312
3055,44599.14286
3056,44970.85714
3057,47367.28571
3058,43115
3059,44090.28571
3060,35214.57143
3061,33273
3063,45300
3064,40804.42857
3065,47580.14286
3066,48726.71429
3067,50487.71429
3068,52369.57143
3070,49680.42857
3071,45845.42857
3072,42411
3073,39719.14286
3074,36462
3075,36971
3076,40188.14286
3078,49920.85714
3079,51671.28571
3081,39455.57143
3082,41451.85714
3083,38021.85714
3084,46689
3085,46135
3087,45272.14286
3088,45429.28571
3089,46592.57143
3090,48718
3091,44403.28571
3093,48784.57143
3094,46326
3095,46762.14286
3096,43167.42857
3097,42080.28571
3099,41932.57143
3101,51808.57143
3102,49426.85714
3103,44062.42857
3104,43838.85714
3105,41106.57143
3106,41771
3107,40254
3108,36597.28571
3109,37479.14286
3111,42279.28571
3113,46499.28571
3114,47982.85714
3115,45566.57143
3116,42279.28571
3121,55438.57143
3122,52250.71429
3123,53396
3124,49811.42857
3125,35450.28571
3126,54624
3127,49948.42857
3128,35444.14286
3129,40793
3130,42536.71429
3131,40908.85714
3132,44398.71429
3133,39710.28571
3134,43122.57143
3135,43424.14286
3136,42805
3137,42327.71429
3138,42766.42857
3139,40210
3140,42062.85714
3141,54591.85714
3142,63252.85714
3143,56648.71429
3144,59292.42857
3145,49795.28571
3146,53538
3147,46614.14286
3148,41244.42857
3149,40495.42857
3150,37955.71429
3151,36257.57143
3152,40600.71429
3153,42400.85714
3154,43361.57143
3155,42163.71429
3156,43343
3158,43216.14286
3159,43170.14286
3160,43118.85714
3161,52169.28571
3162,48494.85714
3163,45444.28571
3165,45073
3166,43733.57143
3167,41709.42857
3168,32391.28571
3169,37318.85714
3170,41379.14286
3171,32671
3172,38584.57143
3173,40644.14286
3174,36556.42857
3175,35749.28571
3177,35606.14286
3178,43968.14286
3179,41325.57143
3180,41338.14286
3181,52322.28571
3182,48186.57143
3183,47827.14286
3184,55707.28571
3185,50308.28571
3186,57658.14286
3187,49873.85714
3188,50272.14286
3189,43168.85714
3190,47119
3191,52805.85714
3192,44836.71429
3193,48806.71429
3194,46038.57143
3195,47103.57143
3196,45893.28571
3197,45615.14286
3198,42604.42857
3199,40307.14286
3200,37585.71429
3201,42975.85714
3202,45739
3204,46205.71429
3205,55181.28571
3206,62056.28571
3207,62001.85714
3211,43481.85714
3212,44302
3213,42972
3214,36316.85714
3215,40651.71429
3216,40096.57143
3217,49082
3218,43777.57143
3219,38974.42857
3220,45118.71429
3221,42929.57143
3222,38035.71429
3223,33288.42857
3224,40435.85714
3225,35812.14286
3226,40232.57143
3227,41748.85714
3228,42906.42857
3230,35000.28571
3231,34627.42857
3232,33716
3233,30074.42857
3235,34134
3239,34036
3240,39687.42857
3241,35987.71429
3242,33503.71429
3243,32155.2
3249,34511.28571
3250,38113.85714
3251,33476.28571
3260,34791.28571
3264,35847.42857
3265,37140.14286
3266,34780.57143
3268,33719.42857
3269,33351.57143
3272,33022.14286
3275,42515
3276,34993.28571
3277,39311
3279,44250
3280,37845.71429
3281,39162
3282,37943.85714
3283,37185.28571
3284,35633
3285,35409.57143
3286,34149.14286
3287,33097.42857
3289,36208.71429
3293,33723
3294,31025.71429
3300,36240.71429
3301,36061.14286
3302,35396.85714
3303,37606.75
3304,36563.57143
3305,39058.71429
3311,33333.85714
3312,33736.42857
3314,33671.14286
3315,34473.71429
3318,34747.85714
3319,36606.28571
3321,41182.42857
3324,35645.71429
3325,32590
3328,42995.57143
3331,43039.85714
3332,39535.28571
3333,36495.42857
3334,36984.71429
3335,44688.85714
3336,50771
3337,41460.28571
3338,42549.57143
3340,43755.42857
3341,43559.14286
3342,41213.85714
3345,42688.71429
3350,40243.85714
3351,37359.71429
3352,39444.14286
3353,42517.66667
3354,44581.5
3355,36313.85714
3356,36937.85714
3357,42357.57143
3358,47289.66667
3360,35475
3361,31613.14286
3363,36154
3364,34560.28571
3370,31754.42857
3371,31762.28571
3373,31571.42857
3374,44906
3377,37219.28571
3379,35856.71429
3380,36678.71429
3381,33361.42857
3384,30182
3385,31124.4
3387,30890.25
3388,35875.28571
3390,35711.14286
3392,31964.28571
3393,36457.85714
3395,36048.28571
3396,33279.42857
3400,37613.85714
3401,36642
3402,43759.33333
3407,35242.85714
3409,35504.14286
3414,37033.85714
3418,36324.85714
3419,36357.71429
3423,33431
3424,35592.71429
3427,44781.28571
3428,42244.85714
3429,44668
3431,44459.85714
3434,43108.42857
3435,41177.85714
3437,46461
3438,47085.85714
3440,45886
3441,50478.71429
3442,43966
3444,38261.57143
3446,37256.42857
3447,33665.14286
3448,35492
3450,34706
3451,35831.42857
3453,37359.57143
3458,34727.28571
3460,33097
3461,32929.42857
3462,32989.28571
3463,32172.14286
3464,33458.85714
3465,33185.42857
3467,32412.85714
3472,28059.57143
3477,32011.2
3478,33060.42857
3480,30553.57143
3483,32527.85714
3490,33083.85714
3494,32575.71429
3496,34951.14286
3498,37052.14286
3500,37063.71429
3501,38893.42857
3502,43029
3505,34909.57143
3512,34134.42857
3515,40501.42857
3516,35156.42857
3517,32138.57143
3518,29077.28571
3521,38887
3523,32713.14286
3525,30660.57143
3527,29002.71429
3533,35540.28571
3537,33878.85714
3546,36742.28571
3549,33895
3550,38629
3551,41795
3552,46579
3555,38072.42857
3556,37011.71429
3557,38344.42857
3558,33268.71429
3559,30927
3561,34527.14286
3563,31528.28571
3564,37594.71429
3566,33002.71429
3567,33184.85714
3568,34397.71429
3570,36580.71429
3571,35259
3573,29086.25
3575,31975.42857
3579,32147.28571
3580,31800.42857
3584,34167.85714
3585,37563.42857
3586,36280.4
3588,40765
3590,26863
3594,31511.14286
3595,30382.71429
3597,41348
3608,37517
3610,33237.71429
3612,33085.42857
3614,39203.71429
3616,36821.85714
3618,31305.71429
3620,35230.42857
3621,33521.85714
3622,30699.71429
3623,29805.28571
3624,31808.14286
3629,35884.28571
3630,36280.71429
3631,38928.57143
3632,41086.66667
3633,35756
3634,34702.71429
3635,33348.14286
3636,35111.57143
3637,30100.28571
3638,33271.57143
3639,31559.14286
3640,29973.85714
3641,35861.85714
3644,36291.42857
3646,34243
3649,30024.14286
3658,39867.85714
3659,38997
3660,37153.42857
3662,62246.14286
3664,36003.85714
3665,33052.16667
3666,33327.42857
3669,30607
3670,32345.14286
3672,36088.14286
3673,31662.14286
3675,34726.42857
3676,43948.5
3677,38436.28571
3678,36146.14286
3682,38559.28571
3683,39683.28571
3685,38681.85714
3687,40539.71429
3688,41660.57143
3690,41399.14286
3691,43178.57143
3695,33809.57143
3697,30878.71429
3698,34286
3699,30955
3700,34912.57143
3701,32231.57143
3707,32624.14286
3709,31474
3711,31752.71429
3712,35309.57143
3713,31296.42857
3714,34146.14286
3717,32702.57143
3719,29275.85714
3720,31447.14286
3722,33969.57143
3723,28873.14286
3725,33062.28571
3726,29094.57143
3727,28484
3728,33814.28571
3730,35222.28571
3732,29114.14286
3735,34354
3737,35480.14286
3740,34878.14286
3741,32837.57143
3744,31268.57143
3746,35314.66667
3747,36777
3749,38969.57143
3750,42754.28571
3752,44424.85714
3753,45657.71429
3754,46080.85714
3756,44408.28571
3757,41786.42857
3758,43467.42857
3759,42931.14286
3760,43306.85714
3761,39127.42857
3763,40198.71429
3764,42083.14286
3765,42938.28571
3766,41892.14286
3767,39361.85714
3770,42229.42857
3775,40871.42857
3777,37569
3779,27074.42857
3781,43052.71429
3782,41243.85714
3783,40840.28571
3786,44471.28571
3787,42850.71429
3788,41239
3791,41005.57143
3792,41939.14286
3793,37797.57143
3795,38393.28571
3796,41530.42857
3797,36999.71429
3799,36149
3802,39886.14286
3803,38308.85714
3804,43737.71429
3805,41824
3806,44444.57143
3807,45135.85714
3808,46478.14286
3809,46421.85714
3810,41889.14286
3812,40106.71429
3813,38592.57143
3814,38988.42857
3815,38474
3816,37321.85714
3818,36938
3820,38083.57143
3821,35567.85714
3822,38127.14286
3823,36891.42857
3824,39072
3825,37175
3831,35270.71429
3835,34820
3840,37562.57143
3842,38017.42857
3844,43431
3847,37109.85714
3850,38932.42857
3851,33805.28571
3854,43254.28571
3856,41129.85714
3857,35584.28571
3858,35888.71429
3859,32899.14286
3860,36241.42857
3862,36510.85714
3865,36297.85714
3869,40103.85714
3870,34103.28571
3871,34225.57143
3873,34622.66667
3874,32714.85714
3875,35930.42857
3878,33810
3880,30818.57143
3882,34125.14286
3885,32444.14286
3888,33095.14286
3892,30696.42857
3896,36198.42857
3898,30757
3902,32376.71429
3903,34096.71429
3904,30957.57143
3909,31457.85714
3910,43707.28571
3911,40437.57143
3912,41194
3913,41160.14286
3915,38039.85714
3916,39735.85714
3918,40184.28571
3919,38023.14286
3920,43250.71429
3922,31788.57143
3923,32567.85714
3925,34707.57143
3926,39113.71429
3927,38130.57143
3928,40072.85714
3929,39082.14286
3930,46427
3931,39101.42857
3933,38435.42857
3934,41878
3936,36622.42857
3937,39737.85714
3938,35112.28571
3939,35010.71429
3940,32155.85714
3941,34576.42857
3942,34259.28571
3943,35089
3944,55758.28571
3945,33776
3950,35269.28571
3951,32871.71429
3953,35829.57143
3954,35340.8
3956,31521.42857
3957,35379.5
3959,30194
3960,31125.57143
3962,29520
3966,29341.14286
3971,32419.57143
3975,44495.42857
3976,39710
3977,42436.57143
3978,45109.14286
3979,32392.66667
3980,42657
3981,39394.42857
3984,34927
3987,37769.28571
3988,32402.28571
3991,28553.71429
3992,32684.71429
3995,32631.71429
3996,33664.42857
6000,47563.85714
6003,43315.71429
6004,47497.57143
6005,51935.71429
6006,52721.57143
6007,57168.42857
6008,57467.57143
6009,53932.28571
6010,54947.85714
6011,66182.42857
6012,52731.71429
6014,51339.57143
6015,60287.85714
6016,51047.14286
6017,45029.85714
6018,51053.85714
6019,52336.14286
6020,49003.14286
6021,45762.42857
6022,44899
6023,47930.14286
6024,44729
6025,47163.85714
6026,46301.57143
6027,45301.28571
6028,48120.42857
6029,52962.85714
6030,43739.85714
6031,47406.57143
6033,39807.85714
6034,53101.2
6035,44109.57143
6036,46311.14286
6037,41209.71429
6038,53259.8
6041,34070
6044,34939.57143
6050,51637.85714
6051,49167.85714
6052,50206.57143
6053,49898.42857
6054,45780.14286
6055,50055.85714
6056,45032.28571
6057,48509.14286
6058,46464.14286
6059,43230
6060,47460
6061,39904.57143
6062,41611.28571
6063,42031.85714
6064,39555.85714
6065,46892.14286
6066,42274
6069,49838.85714
6070,47768.71429
6071,44616.14286
6072,42629.42857
6073,43068.71429
6074,43212.71429
6076,44772
6077,44273.6
6078,45181.2
6081,46824.57143
6082,45357.14286
6083,46046.42857
6084,46060.14286
6100,47097.28571
6101,46999.14286
6102,35253.42857
6103,46676.42857
6104,46159.71429
6105,43607.71429
6107,40846.57143
6108,42531.85714
6109,41112.57143
6110,44277.71429
6111,43535.71429
6112,46365.14286
6121,45789.42857
6122,49744.85714
6123,45703.42857
6124,45970.57143
6125,45652.14286
6147,40531.28571
6148,42440.14286
6149,43841.57143
6150,39664
6151,52882.28571
6152,47562.14286
6153,49669.42857
6154,45874
6155,44422.42857
6156,51003.85714
6157,50286.14286
6158,52987.71429
6159,57036.71429
6160,46400.28571
6162,46568.28571
6163,44904
6164,49624.28571
6166,48797
6167,45548.28571
6168,43658.42857
6169,44133.28571
6170,48934.28571
6171,52136.28571
6172,47360
6173,52886.85714
6174,47345.57143
6175,49764.85714
6176,45710
6180,50578.8
6181,51274.2
6207,45612
6208,41442.14286
6209,41588.4
6210,40613.14286
6211,43591.4
6213,40536.57143
6214,40363.71429
6215,41782.28571
6218,34877
6220,41996
6224,41517.85714
6225,43654.28571
6226,45606.57143
6227,47000.85714
6230,43428.85714
6231,44072
6232,45538.14286
6233,45685.57143
6236,40432.28571
6237,43552.28571
6239,36153.71429
6244,37227.14286
6251,37954
6253,27980.14286
6254,38102.85714
6255,35497.28571
6258,37482.85714
6260,33310.85714
6262,30220.14286
6271,40169
6275,31314.57143
6280,37642.14286
6281,39105.14286
6282,36586
6284,38553.42857
6285,36023
6286,32166.85714
6288,30361.28571
6290,29769.14286
6302,38965.71429
6304,39385.71429
6306,40967.71429
6308,42320
6311,40485.71429
6312,42658.85714
6315,38688.71429
6316,47404.4
6317,40724.85714
6318,40760.28571
6320,43712.28571
6321,31658.42857
6323,34544
6324,34630.85714
6326,31569.14286
6328,35924.85714
6330,38179.71429
6331,40718
6333,30977.42857
6335,47096.57143
6336,38523.6
6337,46195.57143
6338,41682
6346,45472.14286
6348,39384.42857
6350,44781.14286
6353,46818.28571
6355,52297.14286
6359,46468.42857
6365,47184.42857
6367,42816
6369,44408.42857
6370,42548.85714
6375,46623.14286
6383,47987.57143
6390,58186.71429
6391,45192.28571
6392,44699.28571
6395,38396.85714
6396,39659.85714
6398,27152
6401,43439.57143
6405,52065
6407,47967.42857
6409,44781.57143
6410,41202.14286
6415,45975.28571
6418,50092.42857
6426,50401.57143
6429,48923.57143
6430,60048.85714
6432,54158
6433,76619
6437,78351.33333
6438,45759.14286
6440,45456.85714
6442,64944.71429
6443,41853.42857
6448,37966.33333
6450,41427.14286
6460,41079
6461,41298.42857
6468,46738.8
6475,41329.57143
6479,40997.14286
6485,45637.42857
6501,44949.14286
6502,36723
6503,35447.71429
6507,42426.14286
6510,42627.14286
6511,36877.28571
6514,34873.14286
6515,43333
6516,38094.28571
6517,43419.42857
6519,40280.85714
6521,33287.57143
6522,47335.28571
6525,40193
6528,35897.71429
6530,44005.57143
6531,44156.33333
6532,45989.57143
6535,35307.71429
6536,33980.57143
6537,38937
6556,45314
6558,42340.28571
6560,45428.14286
6562,43681.85714
6564,39474.14286
6566,38708
6569,43793
6603,44393
6609,46670.14286
6620,36155.66667
6623,45024.57143
6630,41157.85714
6638,41421.14286
6642,42835.71429
6701,40294
6707,45700.57143
6710,76909.57143
6713,85788.57143
6714,71213.71429
6716,107468.8571
6718,37351.14286
6720,83758.14286
6721,79719.85714
6722,68428
6725,48272.85714
6726,48450.71429
6728,43647.14286
6740,42548.42857
6743,49597.14286
6751,81840.57143
6753,70733
6754,99674.28571
6765,33952.71429
6770,37612.85714
6798,69566.71429
6799,43435.71429
6919,47864.66667
